,0
dish_1558722171,{ingredients: Cauliflower}
dish_1558031237,{ingredients: melon}
dish_1563565354,{ingredients: fish with petals of creamy sauce and steam}
dish_1563898084,"{ingredients: omega-3 fatty acid, dietary potassium, protein, vitamins b, magnesium, vitamins, fiber, dietary fiber, vitamin b6, zinc, calcium, magnesium, vitamin C content, vitamin A, manganese, proteases, bromelain, thromboplastinincentration, aspirin-like activity, vitamin B6, choline, fiber-rich cactus, cortisol, bromelain, low-fat cactus, whey protein, whey protein isolate, condensed water, hydrolyzed adipose tissue, dry milk solids, salt, osmotic sugar, high cellulose content, golgi apparatus, lipolysis, cornstarch, pig fatin, allergy friendly, antioxidants, sweet cherry dark red cherry, essential ammonia, mRNA expression, ultra-sonic homogenization, highly efficient microbes, glucase activity, leukemia, pancreatic insufficiency, glycogen, magenta bond, pectin sintethisol, tsJuliezkonzenzo rubrontene, Fedeivelucha groove reinforced carbohydrates, glass thacommentuous Internet, vitamin C rich fruit, lL drhyohermisolate, gallatin, St. John's bubbl.}"
dish_1565986702,"{ingredients: fish, basil leaves, spinach, nuts (possibly cashews), garlic, red pepper, a small amount of what seems to be orange sauce, possibly garlic and onion (but this could not be determined)}"
dish_1566920365,"{ingredients: Mash Potatoes, gravy, carrots}"
dish_1562009006,"{ingredients: pork, lettuce, cheese, nuts, flour, oil, and sauce}"
dish_1559233715,"{ingredients: [potatoes, oil, butter, salt, and herbs like parsley or thyme]}"
dish_1561578865,"{ingredients: arugula, black olives, tomatoes, pasta, vegetable based salad with pasta and tomatoes, broccoli, cherry tomatoes, cheese pizza}"
dish_1562963289,"{ingredients: pasta, vegetables, cheese, tomato sauce, basil}"
dish_1568305225,"{ingredients: spinach, carrots, brown meat}"
dish_1561663541,{ingredients: Rice and Onions}
dish_1566851704,"{ingredients: broccoli, lettuce, croutons, parmesan cheese, pizza cheese, meat}"
dish_1563478751,"{ingredients: beef, pasta, spinach, spinach sauce}"
dish_1564675411,"{ingredients: Mashed potatoes, gravy, fried bacon}"
dish_1566589933,"{ingredients: shredded carrots, green peppers, red onions, cooked chicken, and crushed crackers}"
dish_1567785739,"{ingredients: spinach, carrots, blueberries, tomatoes, potatoes, and cheese}"
dish_1563551134,"{ingredients: whole-wheat English muffin, egg whites, low-fat cream cheese}"
dish_1562703345,"{ingredients: sliced pork, cheese, onions, and jalapenos}"
dish_1563897938,{ingredients: bacon}
dish_1560367980,"{ingredients: chicken, cheese, tomato sauce, spinach, garlic, asparagus}"
dish_1558031351,"{ingredients: Watermelon, tomatoes}"
dish_1558546434,{ingredients: [spinach]}
dish_1566316726,"{ingredients: scrambled egg whites,  diced potatoes}"
dish_1559849097,"{ingredients: almonds, grape tomatoes, green apple}"
dish_1566316757,"{ingredients: mashed potatoes, gravy, meatballs}"
dish_1568305257,"{ingredients: [Scrambled eggs, cooked bacon, grilled tomatoes, whole wheat toast]}"
dish_1561574783,"{ingredients: [arugula, grilled chicken breast, olive oil, lemon juice, sea salt, balsamic vinegar]}"
dish_1558639482,{ingredients: a half of a corn on the cob}
dish_1565711570,"{ingredients: scrambled eggs, crispy bacon, hash browns, and Brussels sprouts}"
dish_1562168673,"{ingredients: [Leafy greens, Honeydew Melon]}"
dish_1565035802,"{ingredients:  cauliflower, green pepper, red onion, and several cherry tomatoes}"
dish_1561574479,"{ingredients: [pizza, fish, orange sauce, butter, chia seeds, olive oil, mixed vegetables]}"
dish_1564160043,"{ingredients: possibly salted butter, sugar, and ripe bananas, based on the resemblance to typical doughnut ingredients}"
dish_1562774129,"{ingredients: [lettuce, strawberry, blueberries, bed of greens, red onion]}"
dish_1558375732,{ingredients: Grape}
dish_1565034681,Error
dish_1565117429,"{ingredients: mozzarella cheese, marinara sauce, and pizza dough}"
dish_1563565508,"{ingredients: leafy greens, cooked corn, fish, cheese}"
dish_1566414342,"{ingredients: A white plate filled with food including what appears to be baked potato, bell peppers, onions and what appears to be a cream-based sauce or some kind of deli meat or cheese.}"
dish_1558110478,"{ingredients: Sweet Potato, Bacon, Eggs, Blackberries, Raspberries, Butter}"
dish_1557936555,"{ingredients: [eggs, salt, black pepper, water, vegetable oil, milk, cheese, chives]}"
dish_1563566939,"{ingredients: tofu, carrots, green beans, broccoli, cherries, blueberries, a grain resembling rice or wheat, lentils, arugula.}"
dish_1558114284,"{ingredients: [apple, cantaloupe, grapes]}"
dish_1560444914,"{ingredients: watermelon, cantaloupe, honeydew melon}"
dish_1557862783,"{ingredients: steamed cauliflower, chunks of diced chicken, sliced, seasoned beef}"
dish_1558639876,"{ingredients: [carrots, cantaloupe, cauliflower]}"
dish_1567785654,"{ingredients: [strawberries, blueberries, pineapple]}"
dish_1565030391,"{ingredients: broccoli, lettuce, carrot, rice, mixed vegetables, dressing}"
dish_1559849537,"{ingredients: almonds, a clementine, grapes, a pear}"
dish_1564427455,"{ingredients: [chicken, cherry tomatoes, and olives]}"
dish_1557937574,"{ingredients: [lettuce, tomatoes, cucumber]}"
dish_1558720097,"{ingredients: Carrots, butter, vinegar, maple syrup}"
dish_1560975628,"{ingredients: ounces of chicken breast diced, tablespoons of mayonnaise, ounces of kalamata olives, ounces of cherry tomatoes, ounces of mozzarella cheese, ounces of foccacia flatbread, ounces of oregano, ounces of marinated peppers, teaspoons of dill, red-onion}"
dish_1563551194,"{ingredients: Eggs, Toasted Bread, Oatmeal, Banana, Red Berries, Brown sugar}"
dish_1558110385,"{ingredients: plate, eggs}"
dish_1558635523,{ingredients: white rice}
dish_1558376874,"{ingredients: [Almonds, dark chocolate, granola, cranberries]}"
dish_1561654374,"{ingredients: [scrambled eggs, mixed greens, brussels sprouts]}"
dish_1561574394,Error
dish_1562085672,{ingredients: bread and butter}
dish_1562788568,"{ingredients: brown rice, pepper, corn, fish, garlic, arugula}"
dish_1563996509,"{ingredients: photographed leaves of arugula, previously boiled cauliflower pieces, slices of medium-rare chicken, vine tomatoes and cubed potatoes, served on a square white plate}"
dish_1565035746,Error
dish_1566502573,"{ingredients: chicken, chickpeas, spinach, red onion, corn, avocado, and perhaps seasonings such as bacon bits and parmesan}"
dish_1561393715,"{ingredients: broccoli, lemon, olive oil, salt, and fashion-inspirational elements involving flowers and stones}"
dish_1562617703,"{ingredients: banana, banana, caramel}"
dish_1558461431,{ingredients: [spinach]}
dish_1566849895,{ingredients: shredded carrots}
dish_1562618000,"{ingredients: brown rice, chicken, spinach, lettuce, onions, broccoli, red onions}"
dish_1565020867,"{ingredients: crumbled feta, raspberries, blackberries, sweet potatoes, and a crispy bacon}"
dish_1559841950,{ingredients: broccoli}
dish_1560801829,Error
dish_1558373074,{ingredients: apple}
dish_1561577947,"{ingredients: arugula, pasta, cherry tomato, spinach, chicken tilapia, walnuts, olive oil, possibly onions and garlic}"
dish_1559850283,{ingredients: brown almonds}
dish_1558030182,{ingredients: potato}
dish_1557937037,{ingredients: raspberries}
dish_1558375886,"{ingredients: almonds, red and green grape tomatoes, sausage}"
dish_1559233445,{ingredients: pineapple}
dish_1563389600,"{ingredients: [chicken, tomatoes]}"
dish_1558719994,{ingredients: almonds}
dish_1561661377,"{ingredients: Fish with a brown sauce and grains, green beans, and lettuce salad}"
dish_1560526530,"{ingredients: Mixed leaf salad, sliced tomatoes, red onion, pineapple, roasted potato, and vegetarian sausage}"
dish_1564687013,"{ingredients: beef, onion, garlic, tomato puree, eggplant, green chill, fenugreek leaf, black pepper, salt, oil, tomato}"
dish_1562099053,"{ingredients: [water, matzah, margarine]}"
dish_1558549413,{ingredients: almonds}
dish_1563898019,"{ingredients: [scrambled eggs, bacon, and what appears to be hummus or some other dip]}"
dish_1558114209,{ingredients: melon}
dish_1558030435,"{ingredients: melon, potato, bacon}"
